"product_id","product_title","product_content","product_image","product_price","product_category","product_adress","product_date","product_count","product_status","user_id"
301,"43inch TV 판매합니다",건물 이사로 인해완전 저렴하게 내놓습니다아무런 하자없고 깨끗해요~<br>사무실이나 식당 집에서도사용하기 좋은 아일랜드 책상이예요,,20000,디지털/가전,서울특별시/강남구,"2020-11-05",30,0,twithur0
302,자전거 판매 합니다.,"6년전 구입후 몇달 타다가 그냥 보관중입니다.<br>
이사를 가게 되어 드립니다.<br>
알톤 브랜드이고 안 타서 타이어 바람 빠진거 말고 다른 고장은 없습니다.<br>
9단이구요.<br>",,120000,스포츠/레저,서울특별시/강동구,"2020-11-05",26,0,fmarsland1
303,"1800 6인식탁 드림","식탁을 바꾸게 되었는데<br>
쓰던거 혹시 필요하신분 계실까 해서<br>
올려봅니다.<br>
구입한지 딱2년 되었어요.<br>
식탁만, 벤치의자만도 가능합니다.<br>
현재도 인기 많은 식탁이에요.<br>
1인의자는 고장이나서 거래 불가입니다.<br>
일산동 직거래.<br>
이동은 알아서 해 주셔야 해요.<br>
1800*90 완전6인용 식탁<br>
벤치의자 길이 1520정도 되네요.<br>
사용감,생활기스 있어요.<br>",,100000,가구/인테리어,서울특별시/강북구,"2020-11-05",27,0,rtegler2
304,MTB 자전거(트렉8000),"● 트렉8000 MTB 자전거<br>
- 10년전 230만원 구입<br>
- 차체 전부 알리미늄<br>
XT급<br>
- 최근 기어 체인 타이어 교체<br>",,300000,스포츠/레저,서울특별시/강서구,"2020-11-05",25,0,ahallgate3
305,파세코 CAMP25 팝니나(차콜색),"파세코 석유난로 팝니다.<br>
사진에 있는 구성품 전부 드립니다.<br>
난로(CAMP25) , 정품 전용가방 , 연료통20리터 , 펌프<br>
<br>
밧데리가 방전되어서 전기첨화 않됩니다.<br>
새거 넣으면 사용가능.<br>
평소 라이터 접화로 사용함.<br>
<br>
거래시 무게 때문에 오셔야합니다.<br>
생각하시는 가격 최대한 맞춰드립니다.<br>
선착순,적극순 거래합니다.<br>",,150000,게임/취미,서울특별시/관악구,"2020-11-05",49,1,ldidball4
306,스토케 아기의자 (트립트랩) 판매합니다.,"스토케 아기의자 판매합니다.<br>
의자(29.9만) + 보호대 까지히면 정상가 30만원 초중반 정도 합니다.<br>
<br>
이유식 할때부터 24개월까지 잘 사용했습니다.<br>
아기도 편해하고 색상도 고급져 인테리어 해치지 않습니다.<br>
<br>
전반적인 상태는 매우 좋고,<br>
발 놓는 부분에 생활기스들이 좀 있습니다.<br>",,120000,유아동/유아도서,서울특별시/광진구,"2020-11-05",60,0,kdorkin5
307,베이비몬테소리 교구일체,"16년에 정품구입한 베이비몬테소리 교구입니다<br>
교구안내서와 활동매트있어서 엄마표로 가능합니다.<br>
없는 것도 몇개있고, 상자마감 테이프처리 등 사용감 있으니 사진 확인해주세요.<br>
<br>
아기마을: 기둥2개, 비밀주머니 낙서 있음<br>
도형상자: 삼각기둥, 코인 2개<br>
끼우기막대: 노란 원형고리 1개, 가로막대<br>
계란공: 노란공 1개<br>
동물인형: 캥거루속 옷<br>
아기공: 없음<br>
활동매트: 얼룩있음<br>
<br>
부피가 있어서 직거래(삼성동, 양재)원합니다.<br>
한샘 교구장(미술교구장)도 올리니 함께 보시면 좋을것 같아요.<br>",,80000,유아동/유아도서,서울특별시/구로구,"2020-11-05",56,0,lstrood6
308,실내용 자전거,정상작동 합니다.오늘 먼지좀 닦아놓을게요.<br>,,20000,스포츠/레저,서울특별시/금천구,"2020-11-05",57,0,dlahive7
309,바다낚시용쿨러 필요하시분 무료로드립니다,필요하신분께 판매합니다<br>,,5000,스포츠/레저,서울특별시/노원구,"2020-11-05",60,0,ptunniclisse8
310,이케아 철제5단 서랍장,"이케아 철제5단 서랍장 이사가면서<br>
정리합니다<br>
필요하신분 오셔서 가져가시면 됩니다<br>
튼튼하진 않으니 참고하시기 바랍니다<br>",,10000,가구/인테리어,서울특별시/도봉구,"2020-11-05",63,0,cbremmer9
311,엑스바이크 실내자전거,접이식이라 좁은 공간에서도 운동하기 좋습니다. <br>멀리 이사를 가야해서 저렴하게 판매합니다. 다만 직접와서 가져 가세요.,,10000,스포츠/레저,서울특별시/동대문구,"2020-11-05",66,0,tkeitcha
312,여성 몽클레어 (정품),"몽클레어 정품입니다<br>
살이쪄서 못입게되어 내어놓습니다.<br>
엉덩이 덮는 기장입니다<br>
55분들 추천합니다<br>
<br>
교환 환불 안됩니다!<br>",,170000,여성의류,서울특별시/동작구,"2020-11-05",77,0,gvaadelandb
313,"캠핑테이블, 의자 판매",가운데 화로 놓는 테이블 교환x 반품 x,,100000,스포츠/레저,서울특별시/마포구,"2020-11-05",88,0,adoucec
314,벤치프레스 풀세트,원판5키로11개 10키로2개7.5키로2개 봉2개,,10000,스포츠/레저,서울특별시/서대문구,"2020-11-05",99,0,djirasd
315,파세코 캠핑난로 camp23,"camp23 파세코 난로 화이트에요<br>
동절기 캠프에 유익하게 사용했어요<br>
<br>
안전하게 보관하느라 석유는 다뺐어요<br>
건전지 새로 바꿔 끼워놨습니다<br>
설명서 있고...커버케이스가방도..있습니다<br>
사용감이나 사용기스 확인하세요<br>
지하주차장까지 내려다드립니다<br>
<br>
????중고 개인거래 상 교환환불반품 불가능합니다. 예민하신분.찔러보기 사절합니다 ??",,100000,스포츠/레저,서울특별시/서초구,"2020-11-05",10,0,mbirke
316,신일 팬히터 9시리즈,"2018년 11월에 코스트코 양재점에서 구매했습니다.<br>
총 2대 있습니다.<br>
가격은 대당 20만원입니다.<br>
주로 사무실에서 사용했고, 사용기간 1달정도밖에 안됐습니다.<br>
작년겨울은 너무 따뜻해서 쓸일이 없었네요<br>",,200000,디지털/가전,서울특별시/성동구,"2020-11-05",20,0,abennf
317,일반자전거,"자전거 묶어서는 5만원<br>
자전거는 바퀴에 바람 넣으셔야 합니다~<br>
환불 안됩니다<br>",,50000,스포츠/레저,서울특별시/성북구,"2020-11-05",15,0,ewickensg
318,쿠첸 압력밥솥,"사용시기 : 1년 6개월<br>
깨끗하게 청소하고 내어놓아요~<br>",,20000,생활/가공식품,서울특별시/송파구,"2020-11-05",99,0,dphillotth
319,제습기 팝니다~,"10번도 못쓰고 이방저방 있다가<br>
생활기스 아주 쬐끔있어요<br>
기능은 짱 입니다~<br>",,30000,디지털/가전,서울특별시/양천구,"2020-11-06",45,0,bjacopi
320,설민석의 한국사대모험1~14,"1권부터 14권까지 빠짐없고 깨끗해요.<br>",,60000,유아동/유아도서,서울특별시/영등포구,"2020-11-06",32,0,ssharrardj
321,코스트코 철재선반,"거의 새상품. 2개있어요<br>
1개가격 35.000원<br>
두개 68000원 해드립니다<br>
",,35000,가구/인테리어,서울특별시/용산구,"2020-11-06",12,0,sbrandlek
322,수납장 팝니다,"높이:90, 가로:120, 폭:35<br>
깨끗합니다.<br>
이사관계로 처분합니다<br>",,20000,가구/인테리어,서울특별시/은평구,"2020-11-06",15,0,wduffl
323,턱걸이 운동기구,"조립만 해놓고 실 사용 거의 없어요<br>
부식된곳 없고 상태 좋아요. 얼른 가져가셔서 몸짱 되셔요<br>",,30000,스포츠/레저,서울특별시/종로구,"2020-11-06",16,0,emacallamm
324,선반,"상태 좋아요 생활감은 조금 있어요<br>
<br>
응암동 직접 와서 가져가셔야합니다<br>",,10000,가구/인테리어,서울특별시/중구,"2020-11-06",18,0,gspeeren
325,ort 3단계부터 9단계까지,"3단계-41권<br>
4단계-37권<br>
5단계-36권<br>
6단계-21권<br>
7단계-19권<br>
8단계-12권<br>
9단계-12권 모두 포함입니다.^^<br>",,50000,유아동/유아도서,서울특별시/중랑구,"2020-11-06",1,0,gpaulmanno
326,하프골프백,"사놓고 거의 사용하지못했네요<br>
연습장다닐때 간단히 들고다니면 좋겠어요 ..5-6개정도 들어가요<br>
깜찍하고 예뻐요~~",,25000,스포츠/레저,서울특별시/강남구,"2020-11-06",5,0,fbowlerp
327,딤채 김치냉장고,"11.11일 이사짐 내릴시 내릴예정<br>
인데 혹시 필요하신분 계실까요~??<br>
쓴지는 9년정도 댔어요<br>
지금사용중이긴한데..^^<br>
김치통은 써야해서 다시<br>
구입하셔야할것같고요,<br>
없으시면 글 내릴게요~<br>",,50000,디지털/가전,서울특별시/강동구,"2020-11-06",3,0,jperksq
328,리퀍8단 식품건조기,한번정도 시범사용후 보관만 했습니다. <br>8단이고 청국장만드는 그릇도 있어요~^^<br> 옥동으로 가지러오셔야합니다,,20000,디지털/가전,서울특별시/강북구,"2020-11-06",15,0,gpatricksonr
329,전자렌지팝니다,"이사가면서 바꾸려고해요<br>
사용감있고작동잘되요ㅎ<br>",,5000,디지털/가전,서울특별시/강서구,"2020-11-06",44,0,awaldies
330,갤럭시노트10 자급제 공기계 아우라 글로우 256GB,"갤럭시노트10 판매합니다<br>
<br>
색상 ㅡ 아우라 글로우<br>
용량 ㅡ 256GB<br>
제조 ㅡ 19년 8월<br>
<br>
저는 케이스 안씌우고 쌩폰 쓰는걸 선호해서 기스랑 찍힘은 있어요.<br>
대신 험하게 쓰지 않아서 웬만한 중고폰보다는 훨씬 상태 좋을 거에요.<br>
앞면은 살때부터 필름(?)이 붙어있어서 필름에 기스가 난 거라, 떼고 새거 붙이시면 깨끗해져요.<br>
<br>
자급제 폰이어서 아무 통신사 유심 끼워 쓰시면 됩니다.<br>
초기화는 다 해두었어요.<br>
구성품은 맨 마지막 사진에 나온것 그대로 드립니다.<br>
<br>
고가품이다보니 직거래 희망합니다.<br>
와서 보시고 사셔도 돼요.<br>",,330000,디지털/가전,서울특별시/관악구,"2020-11-06",66,0,raskint
331,에어프라이기(대용량),에어프라이기 가격 협의 가능합니다 <br>대용량이고 상태 좋아요 직접 가져가셔야 되요 연락 주세요,,10000,생활/가공식품,서울특별시/광진구,"2020-11-06",78,0,plewteyu
332,캠핑용 테이블,"120*55*65<br>
캠핑가서 3회 사용한 제품이에요!<br>
<br>
* 식기 건조(그물망) / 가방 포함<br>",,30000,스포츠/레저,서울특별시/구로구,"2020-11-06",56,0,oruminv
333,하이얼 냉장고2017년도,야채실 금이감 내장고 큰거로 사서 필요 없어서 내놓아요 <br>5층 엘베 없어서 같이 내려 드릴수는 있어요 불발되서 다시올려요<br>2인 쏘파는 무료 나눔 오늘 가지고 가실분만,,100000,디지털/가전,서울특별시/금천구,"2020-11-06",46,0,nswiggsw
334,삼천 20인치 자전거,"하실분 연락주세요<br>
사용감 있고 반품 사절요<br>",,15000,스포츠/레저,서울특별시/노원구,"2020-11-06",21,0,dpalffyx
335,캠핑 테이블 판매(1200),"캠핑 테이블 판매<br>
<br>
길이 1200 높이 조절가능<br>
구입 후 6회 사용<br>
생활기스는 약간있음<br>
대전 갈마동 경성큰마을 근처<br>",,25000,스포츠/레저,서울특별시/도봉구,"2020-11-06",354,0,bperisy
336,폴로 걸즈 L 가디건,"올봄에 직구로 산 정품이에요.<br>
44-55 입는데 단추 다 잠궈서 딱 맞게 입을 수 있어요.<br>
흰색이나 베이지색 바지랑 입으면 예쁜데 저랑은 안 어울려서 봄에 몇 번 입고 안 입었어요.<br>",,18000,여성의류,서울특별시/동대문구,"2020-11-06",45,0,mfeekz
337,임블리 인조 무스탕,"오버핏 임블리 무스탕입니다.<br>
몇번 안입어서 상태 좋아요.<br>
롱스커트나 블랙진에 잘어울리고, 엄청 따뜻해요.",,40000,여성의류,서울특별시/동작구,"2020-11-06",54,0,bcubbini10
338,강남 청담동 황후 신랑한복,"강남 청담동에 있는 황후 맞춤 키 165~168 L사이즈 정도의 남자한복 이구요~ <br>사진 보시면 아시겠지만 단추가 넘 고급스럽고 이쁜 고가의 한복입니다<br>
몇번 입고 그대로 보관 드라이는 별도로 하셔야 하고요<br>
참고로 한복은 잦은 크리닝시 옷감이 변색되거나 바느질이 헤질 수 있습니다~<br>",,70000,여성의류,서울특별시/마포구,"2020-11-06",50,0,hshillabear11
339,와이책 32권 무료드림,"와이책 입니다<br>
좋아요<br>",,100,도서/티켓/음반,서울특별시/서대문구,"2020-11-06",53,0,hpigot12
340,ort 영어 교재,"전권 일괄 판매 원합니다.<br>
세이펜 음원 스티커도 모두 부착되어있습니다.<br>
2-5단계별 3만원<br>
(구성은 완벽한지 잘 모르겠습니다ㅠ)<br>",,100000,도서/티켓/음반,서울특별시/서초구,"2020-11-06",57,0,bbuckthought13
341,세탁기 세트로 팝니다,"가격은 냉장고 + 세탁기 = 150,000원 입니다.<br>
<br>
세 제품으로 구입한지 1년 6개월 됐습니다.<br>",,150000,디지털/가전,서울특별시/성동구,"2020-11-06",78,0,hstanett14
342,랙(선반)판매 합니다,"코스트코에서 구매한 선반 판매합니다<br>
<br>
오셔서 가져가시면됩니다^^<br>
<br>
분해는 어려울거같습니다!<br>",,10000,가구/인테리어,서울특별시/성북구,"2020-11-06",94,0,apurkiss15
343,이동식 서랍수납. 상태좋아요.?,"(챗 순 아니고, 먼저 가지고 가시는 분과 거래요~)<br>
사이즈<br>
가로 32<br>
높이82<br>
폭 36<br>
<br>
중.고딩 여학생들이 사용한거라 상태 좋아요.~<br>
핑크/ 민트<br>",,10000,가구/인테리어,서울특별시/송파구,"2020-11-06",57,0,gwarrick16
344,브루더 동물 수송트럭,"브루더 동물 수송트럭입니다.<br>
뒷문 한쪽 손잡이 부러짐 있습니다. 사용엔 지장없습니다.<br>",,10000,유아동/유아도서,서울특별시/양천구,"2020-11-06",40,0,agudgen17
345,컴퓨터 데스크탑,"i5 2500<br>
16gb ram<br>
120gb wd ssd<br>
500gb wd hdd<br>
fsp600 power<br>
gtx 560 oc 1024m gddr5 256b<br>
asua p8p67<br>
<br>
윈도우10프로 정품 보드귀속<br>
<br>
5만원 직거래는 감일1단지<br>
11월8일 기준 윈도우 클린재설치 후 작동확인 완료<br>",,50000,디지털/가전,서울특별시/영등포구,"2020-11-06",60,0,kmiddle18
346,커튼 팝니다,"4개묶음입니다<br>
메세지 주세요<br>",,20000,가구/인테리어,서울특별시/용산구,"2020-11-06",50,0,cwackly19
347,알톤 R8.8 알루미늄프레임 하이브리드자전거,"알톤 R8.8 알루미늄프레임 하이브리드자전거<br>
- 사양 : 시마노 알투스 기어 8단(원터치 기어변속), 타이어 700C, 알루미늄프레임, QR레버방식<br>
- 상태 : A급(사진처럼 좋음),기어변속, 브레이크 등 정상작동<br>
※ 출고가 449,000원입니다<br>",,100000,스포츠/레저,서울특별시/은평구,"2020-11-06",40,0,esmogur1a
348,삼성 제습기 판매합니다,"이사가는곳에는 방마다 시스템에어컨이 있어서<br> 제습기가 전혀 필요없을거 같아 판매해요<br>
이사로 내일 오전까지만 가능합니다<br>",,80000,디지털/가전,서울특별시/종로구,"2020-11-06",15,0,ebasilone1b
349,캠핑난로. 파세코 캠프23,제품상태깨끗함. 사진의 기름통도 같이 드림.<br>,,150000,스포츠/레저,서울특별시/중구,"2020-11-06",35,0,lharcourt1c
350,스위스 밀리터리 전동드릴,"서랍에 오랫동안 방치되어 있었습니다.<br>
충전해서 작동해보니, 작동은 되고있고요<br>
손잡이에 있는 작은 렌턴은 필요도없고<br> 배터리 소모를 방지키 위해 구입하고 제거했습니다.",,5000,디지털/가전,서울특별시/중랑구,"2020-11-06",45,0,mcamoys1d
351,LG 광파오븐(전자렌지+그릴),"2006년 구매했고 렌지, 그릴, 자동메뉴로 오븐기능 되고 <br>에어프라이어 안 사고 이걸로 다 해먹을 수 있어요<br>. 이사가면서 처분합니다. <br>12월 23일 오전에 아파트 1층에서 받아 가실분 찾습니다.<br> 그 전에도 가져가셔도 되구요.",,20000,디지털/가전,서울특별시/강남구,"2020-11-06",67,0,dcarrol1e
352,휘슬러압력밥솥,휘슬러입니다,,30000,디지털/가전,서울특별시/강동구,"2020-11-06",78,0,bnash1f
353,LG제습기판매합니다,"2016년구입<br>
단3회 사용<br>
제습기능 에어컨 구입으로<br>
필요없어 팝니다<br>
덮개까지포함 판매<br>
가전제품이라 직접판매만가능합니다",,80000,디지털/가전,서울특별시/강북구,"2020-11-06",79,0,cokennavain1g
354,몽클레어 키즈 10Y,"몽클레어 키즈 10Y 패딩입니다.<br>
<br>
컬러는 다크그레이이고 이중 지퍼로 목까지 올라오는 스타일입니다. <br>모자는 탈부착 가능이며 깨끗하게 몇번 안 입어 상태 좋습니다.<br>130사이즈 입으면 예쁘게 잘 맞을꺼 같습니다.",,200000,유아동/유아도서,서울특별시/강서구,"2020-11-06",74,0,khellwing1h
355,딤채 2010년 형 김치냉장고,"2010년8월에 구입한 김치냉장고입니다<br>
뚜껑부분에 사용감 아주 많습니다.<br>
우선 닦아 보았는데도<br>
많이 지저분하네요<br>
그래도 이사오기 전까지 잘쓰던 제품입니다.<br>
김치 좋아해서 김치냉장고 두대놓고 썼는데<br>
공간이 부족하여 3주간 베란다 보과중입니다.<br>
김치냉장고 통 4개 있는데<br>
이것또한 사용감 많습니다<br>
그래도 필요하시다면 드리겠습니다<br>
먼저 문자주시는분 보단<br>
제가 월요일부터 출근을 해서 시간을 맞추실 수 있는분께 우선 판매하겠습니다",,100,디지털/가전,서울특별시/관악구,"2020-11-06",72,0,tlohden1i
356,삼성청소기 팔아요,"삼성청소기 팔아요<br>
실사용횟수3회에요ㅜㅜ<br>
상태좋아요",,30000,디지털/가전,서울특별시/광진구,"2020-11-06",12,0,cbeckhouse1j
357,이케아 이동식 카트 선반,"이케아 이동식 카트 선반입니다<br>
<br>
저희는 화장실 선반으로 썼구요 2년 정도 썼습니다<br>
<br>
제가 닦긴 했는데 깨끗하게 안 지워지는 비누거품 얼룩이 좀 있긴 해서 싸게 내놓습니다<br>
<br>
사이즈와 무게가 좀 되기 때문에 차가 있으셔야 가져가실 수 있어요<br>
<br>
상세 사이즈 등은 아래 링크에서 확인하세요",,5000,가구/인테리어,서울특별시/구로구,"2020-11-06",2,0,rgregine1k
358,삼천리자전거 (박스그대로),자전거 필요하신분 가져가세요~<br>,,30000,스포츠/레저,서울특별시/금천구,"2020-11-06",45,0,ahenniger1l
359,버즈플러스 급처합니당 하자없고 깨끗해여,진짜 깨끗해요<br>,,50000,디지털/가전,서울특별시/노원구,"2020-11-06",16,0,jstothert1m
360,캠핑 키친테이블 팝니다,"캠핑장에서 2번 써본 키친테이블 팝니다<br>
가방도 있어요<br>
테이블 생활기스 있어서 싸게 올려요<br>
환불 x",,10000,게임/취미,서울특별시/도봉구,"2020-11-06",32,0,omathon1n
361,전기이발기,"아들 이발해주던건데<br>
사용가능합니다",,50000,뷰티/미용,서울특별시/동대문구,"2020-11-06",156,0,dstelljes1o
362,티테이블과 쇼파 세트입니다.,"티테이블과 쇼파 세트입니다.<br>
쇼파는 원목프레임에 인조가죽이고 테이블은 원목에 대리석 상판입니다.<br>
앞산 빨래터 근처 직거래 가능합니다.<br>",,50000,가구/인테리어,서울특별시/동작구,"2020-11-06",11,0,cwick1p
363,원목주방놀이,"이사로 인해 정리해요-<br>
인테리어 효과도 있고 아가들이 엄청 조아해요

",,35000,유아동/유아도서,서울특별시/마포구,"2020-11-06",80,0,bsplaven1q
364,아기 트레이닝복 :),"아디다스 정품이구요<br>
사이즈는 75 입니다 :)<br>
<br>
잠깐의 2회 착용으로<br>
제가 보기엔 컨디션 좋지만<br>
예민맘은 피해주세요 :)<br>",,23000,유아동/유아도서,서울특별시/서대문구,"2020-11-06",83,0,grizzardo1r
365,코니스 에듀테이블 2만원 판매합니다,"코니스 유아테이블 판매합니다<br>
<br>
제품작동 이상없구요 깨끗하게 사용했습니다",,20000,유아동/유아도서,서울특별시/서초구,"2020-11-06",46,0,lwatters1s
366,엘레니어 쌍둥이 유모차,"쌍둥이 유모차예요<br>
따로분리해서 바퀴끼우면 2개따로 솔로로 쓸수있어서<br>
좋아용 핸들링좋고 사이즈가 좋습니다<br>
접고펴는거 요즘다들 쉽게 나오더라구용<br>
2020.1월에 샀습니다<br>
코로나 때문에 많이 사용 안했습니다<br>
짱짱하니 좋아용 ^^<br>
쿨거래시 에눌 해드리겠습니다<br>
그리고 모기장도 드릴께용~~<br>",,300000,유아동/유아도서,서울특별시/성동구,"2020-11-06",12,0,agidney1t
367,코렐 몽땅 만원,코렐 몽땅 만원,,10000,생활/가공식품,서울특별시/성북구,"2020-11-06",34,0,rbilam1u
368,스타벅스 텀블러 새것,"선물받았는데 텀블러가 너무 많아서 ㅜㅜ<br>
텀블러 음료쿠폰은 제가 사용하여 없습니다<br>새제품이에요근처 직거래가 좋을것 같습니다~",,7000,생활/가공식품,서울특별시/송파구,"2020-11-06",74,0,jdipietro1v
369,아기고양이 무드등,무드등,,8000,가구/인테리어,서울특별시/양천구,"2020-11-06",68,0,ablockwell1w
370,팔베개 인형,"엎드려 잘 때 팔에 끼워서 푹신하게 잠들 수 있게 해주는 베개입니다.<br>
학교에서 책상에 두고 쓰기 좋아용",,2000,생활/가공식품,서울특별시/영등포구,"2020-11-06",98,0,gnormansell1x
371,키스미 휴대용 브러쉬(미사용),한번도 사용 안했습니다! 필요없어서 팔아요<br>,,10000,뷰티/미용,서울특별시/용산구,"2020-11-06",91,0,klande1y
372,겨울 여성 가디건,"사이즈 : free<br>
낙낙하게 나왔습니다<br>
<br>
도톰한 재질입니다~<br>
바지나 치마 모두 잘 어울리더라구요~~<br>
<br>
마음에 드시면 연락주세요~^^<br>",,9000,여성의류,서울특별시/은평구,"2020-11-06",21,0,gthrussell1z
373,여성구두240,"신발 대처분<br>
여성구두240<br>
굽높이가3<br>
편한구두입니다<br>
필요하신분 문자주세요",,5000,여성잡화,서울특별시/종로구,"2020-11-06",56,0,berrol20
374,빅사이즈 샐러드볼/팝콘볼,"엄청 큰 샐러드볼/팝콘볼 팝니다<br>
제일큰거랑 작은거 한두번 정도만 사용해서 사용감 거의 없어요<br>
<br>
전부해서 3만원입니다<br>
<br>
크기 비교할려고 커피믹스랑 찍었으니 참고해주세요<br>
<br>
직거래: 평일 오후 5시 이후 삼성동 시장 근처로 와주셔야 해요<br>
<br>
크기가 큰 편이라 맞는 박스찾기 어려워요 택배는 안합니다",,20000,생활/가공식품,서울특별시/중구,"2020-11-06",198,0,nclowney21
375,염자화초팝니다,"염자셋포기팝니다<br>
셋포기다16000원림니다",,16000,가구/인테리어,서울특별시/중랑구,"2020-11-06",45,0,yfoister22
376,Mook 클러치,"가로36, 세로 17센티입니다<br>
상태좋아요<br>
컬러멋스러워요<br>
포인트로좋습니다",,10000,여성잡화,서울특별시/강남구,"2020-11-06",32,0,fpinks23
377,앵클부츠 225~230,"앵클부츠입니다. 굽10센티로 저한테는 높아서 몇번 못신었습니다. <br>신으면 길고 날씬해보입니다.<br>
사용감있으니 사진보시고 예민하신분은 사양합니다.",,10000,여성잡화,서울특별시/강동구,"2020-11-06",21,0,lraunds24
378,책장 선반 팝니다,"책장 이나 선반으로 쓰셔요<br>
이사때문에 팝니다<br>
6단이에요",,20000,가구/인테리어,서울특별시/강북구,"2020-11-06",23,0,akassel25
379,<헬로키티 가열식 가습기> 넉넉한 3.4L (필터 + 설명서 + 박스 모두 드림/국내생산)★상태최상★세척완료,"아이들이 좋아하는 헬로키티 무드램프&가열식 가습기로 믿을 수 있는 국내생산(한일전기)입니다.<br>
긁힘이나 상처없이 상태는 아주아주 깨끗하고 정상 작동입니다.<br>
분무식보다 가열식이 좋다는 의사권유로 샀던 거예요. 가열식이라서 방 공기도 함께 따뜻해져서 좋아요.<br>
100℃로 끓여 ""세균박멸 100%;이며, 물이 없으면 ""자동전원 차단""으로 안심이예요.<br>
가습기 살균제 필요없이 살균해 준다고 합니다.<br>
간편한 조작스위치와 무드램프가 있어요.<br>
깨끗하게 세척도 해 놓았고, 설명서와 함께 박스에 넣어 드립니다.<br>
★필터는 있던 거 함께 드려요.(1개)<br>
★물 용량 3.4L로 넉넉합니다^^<br>
??건조해지는 겨울에 아이방에 놔 주세요??<br>
가격흥정 사양합니다. 환불×",,29000,디지털/가전,서울특별시/강서구,"2020-11-06",25,0,njurzyk26
380,노스페이스키즈보아,"세탁후작아서보관해뒀어요<br>
아이들이신고벗기편해서좋아해요<br>
사이즈210<br>
환불?",,15000,유아동/유아도서,서울특별시/관악구,"2020-11-06",24,0,gtimmis27
381,무스탕,스몰사이즈,,10000,여성의류,서울특별시/광진구,"2020-11-06",26,0,mpavie28
382,유아청자켓/남방세트100,"상태좋구요 깨끗합니다<br>
필요하신분 가져가세요",,7000,유아동/유아도서,서울특별시/구로구,"2020-11-06",58,0,vpinwell29
383,soup 코트 (55사이즈),"아이보리 코트입니다.<br>
토끼털 탈부착 가능합니다.<br>
<br>
먼저 연락주시는 분께 판매할게요!",,19000,여성의류,서울특별시/금천구,"2020-11-07",57,0,jneasham2a
384,MICHAA 240(37) 구두,"뒷굽 10cm<br>
앞 1cm<br>
굽 끝 살짝 까임 정도 있지만 많이 신지 않아서 상태 좋습니다",,15000,여성잡화,서울특별시/노원구,"2020-11-07",59,0,kphin2b
385,니트모자,"코오롱 니트모자<br>
방울:천연모피(여우)<br>
겉감:아크릴70%<br>
모30%<br>
선물받은건데 다른모자를<br>
쓰고 다녀서 보관만 했네요<br>
올겨울은 많이 춥다고하니<br>
따뜻하고 예쁜모자 데려가세요~~",,10000,여성잡화,서울특별시/도봉구,"2020-11-07",63,0,beastup2c
386,코치 레오파드 지갑,"13.5cm<br>
10cm<br>
<br>
레오파드 독특한 디자인<br>
반지갑 팝니다.<br>
상태 좋아요 ??<br>
<br>
에눌 반품 ???♂?",,20000,여성잡화,서울특별시/동대문구,"2020-11-07",63,0,cjedrysik2d
387,? 쿠쿠 압력밥솥 6 인용,"쿠쿠 전기밥솥<br>
HZXB0610FB<br>
상태좋음",,25000,디지털/가전,서울특별시/동작구,"2020-11-07",68,0,ebenzing2e
388,각도조절좌식의자,"각도조절가능하고 푹신한 좌식의자입니다.총2개있습니다.<br>
사용감있지만 깨끗한편이고 거의 사용하지않고 보관만했습니다.<br>
개당가격입니다.<br>
큰하자없으면 구매후 교환,환불어렵습니다.문의주세요~^^",,15000,가구/인테리어,서울특별시/마포구,"2020-11-07",80,0,kpeterkin2f
389,헹거.수납박스.액자용식탁.커튼.신발장,"이사때문에 닦거나 그러진못했어요<br>
필요한신분계시면 그냥드릴게요<br>
옷걸이도 많은데 골라가셔도되요",,10000,가구/인테리어,서울특별시/서대문구,"2020-11-07",89,0,srobus2g
390,유기 냉면기,"골든벨에서 나온 유기 냉면기입니다<br>
4개 일괄 10만원입니다",,100000,생활/가공식품,서울특별시/서초구,"2020-11-07",105,0,danderer2h
391,르 코르망 플랫슈즈(새상품),"르 꼬르망 여성플랫슈즈 230 싸쥬입니다.<br>
싸이즈 작아 신지않은 새상품입니다.",,20000,여성잡화,서울특별시/성동구,"2020-11-07",13,0,zkinneir2i
392,석류30팩(미개봉) +10팩 천호앤케어,"미개봉 30팩+10팩 드려요<br>
유통기한 2021.02.16<br>
연락주세요~~^^",,16000,생활/가공식품,서울특별시/성북구,"2020-11-07",21,0,cbragge2j
393,샴푸.치약 비누세트,선물받은건데 집에 많아서 올려요,,8000,뷰티/미용,서울특별시/송파구,"2020-11-07",17,0,hlemarquis2k
394,퓨마 기능성활동복 사이즈 120,"3.4번 사진에 미세하게 스크레치있ㅇㅓ요<br>
찾아보세요 ㅎ<br>
<br>
상태는 전체적으로 ""양호 ""<br>
<br>
활동적이고 열많은 친구들에게 적합 할듯 합니다",,22000,유아동/유아도서,서울특별시/양천구,"2020-11-07",104,0,dgisby2l
395,원피스55,"여성스럽고<br>
동심같은<br>
고급 원피스 입니다<br>
나이때문에 못 입은 .. ㅜ",,10000,여성의류,서울특별시/영등포구,"2020-11-07",46,0,sgladdifh2m
396,그릇 일괄판매,"사진에 보이는 모두 일괄판매합니다<br>
생활스크레치있습니다",,2000,생활/가공식품,서울특별시/용산구,"2020-11-07",34,0,tcyster2n
397,비전냄비,"파이넥스 코닝 코렐 USA<br>
비전냄비 세트 팝니다.<br>
4.5L, 2.5L, 1.5L 예요.<br>
개당 판매는 안하고 일괄 7만원에 팔게요.<br>
작은것만 튀김용으로 몇번썼고<br>
큰거는 진짜 거의안쓰고 보관만 했어요.<br>
상태 매우 좋습니다.",,70000,생활/가공식품,서울특별시/은평구,"2020-11-07",15,0,pbending2o
398,버버리목도리팝니다,"버버리 목도리 램스울100% 팝니다<br>
각 25000원 두개에 50000원<br>
남녀공용, 안써서 내놓습니다~",,25000,여성잡화,서울특별시/종로구,"2020-11-07",16,0,kgaukrodge2p
399,마쥬 가디건,"은사가 섞인 고급스런 느낌의 톡톡한 짜임 니트가디건이에요.<br>
10회미만 착용으로 상태 좋아요.<br>
살빠지면 입겠다고 보관만 오래 했네요.<br>
원단 참고하세요<br>
일원본동 직거래원해요.<br>
<br>
허리선까지 오는 길이고 치마랑 정장바지. 청바지 모두 잘 어울려요.",,65000,여성의류,서울특별시/중구,"2020-11-07",18,0,lpeggrem2q
400,xbox360/xboxone/ps3 게임cd정리,"새거도 있고 동생이 한번만해보고 안맞는것들만 내놓은 타이틀입니다 코드는 사용안했습니다<br>

요 게임쪽은 자세히 어떻게 매겨지는지몰라 시세 검색해보고 가격측정해보았습니다<br>
북미판 국내판 뭐 여러가지있던데 잘은 몰라서 영어로표기된것만 따로 표시해두었습니다<br>
<br>
5개이상(일때 3만원이상) 또는 5만원이상시 택포<br>
*직거래경우 거래가능시간이 유동적이라 택배거래 선호합니다<br>
<br>
xbox360<br>
바이오하자드5 - 1.1<br>
바이오하자드 리바이벌 셀렉션 HD 리마스터판 - 1.7<br>
바이오하자드 레벌레이션스 언베일드 에디션 - 1.5<br>
<br>
xbox360<br>
드래곤볼 레이징블라스트1 - 2.3<br>
드래곤볼Z 얼티밋 천하제일 - 3.5 (해외직구)<br>
<br>
xbox360<br>
듀크 뉴켐 포에버 - 0.5<br>
디파이언스 - 1.5 (해외직구)<br>
레지던트이블6 - 1.8 (해외직구)<br>
다크니스2 - 0.7<br>
<br>
xboxone<br>
스타워즈 배틀프론트 - 4 (해외직구)<br>
레이지2 - 3",,5000,게임/취미,서울특별시/중랑구,"2020-11-07",21,0,rreville2r
401,전동이발기 바리깡 바비온 방수 이발기,"구입 후 1회 사용하고 머리 다 망치고 나서<br>
사용안하고 보관하고 있습니다<br>
세척 후 설명서대로 칼날부분에 오일 3방울 뿌려줬습니다<br>
1회 사용<br>
오일3방울 사용<br>
<br>
교환×환불×",,14000,뷰티/미용,서울특별시/강남구,"2020-11-08",2,0,lmaccrea2s
402,미니냉장고,"미니냉장고 판매합니다<br>
사고나서 공간이 없어서 물건만 넣어놓고 쓴 적은 한번도 없어요 ㅠㅠ 이사 하면서 기스가 두곳 나서 싸게 내놓습니다<br>",,10000,디지털/가전,서울특별시/강동구,"2020-11-08",7,0,rparadine2t
403,철재랙 선반(선반높이 조절 가능),"철재라 튼튼하고 선반은 나무입니다.<br>
검은색 철재랙2개, 화이트 철재랙 2개 있습니다.<br>
선반 높이 조절 가능하고요 조립도 나사 필요없이 끼우면 되기에 매우 쉽고 간단합니다. <br>선반 높낮이 조절 가능.",,15000,가구/인테리어,서울특별시/강북구,"2020-11-08",6,0,fsemour2u
404,한은정 밸런스,"구입해놓고 몇번사용하다. 바뻐사용 못하고 있는 제품입니다. <br>누워 TV시청하며 작동하심 따뜻하게 마사지효과, 뭉친근육풀기, 소화장애, 뱃살빼기효과 등 상품 좋습니다. <br>장안구청 앞 직거래 and 가까운곳 배달가능 합니다.<br>
공산품이라 환불, 반품안됩니다.",,170000,디지털/가전,서울특별시/강서구,"2020-11-08",18,0,jcisson2v
405,오토비스 NEW 무선물걸레청소기 KAC-8100,"올해 6월 30일에 199,000원에 구입한 제품입니다<br>

만삭일때 몸이 너무 무거워서 바닥청소가 힘들어서 샀어요~ <br>일회용 청소포만 붙여서 편하게 잘 사용했습니다^^<br> 물걸레가 앞뒤로 움직이는 타입이고 쉽게 잘 닦여요! <br>네모네모 해서 구석부분도 동그랗게 닦이는<br>다른 물걸레보다 꼼꼼하게 닦이는 것 같습니다!
엘지물걸레청소기가 생겨서 요건 판매합니다~<br>
<br>
구성품인 걸레는 포장도 안뜯었어요 설명서도 모두 있고요~<br>
손목이나 허리 안좋으신 분들 or 부모님 선물로도 좋을것 같아요!<br>
<br>
포장박스는 버려서 배송은 어렵고 직거래만 가능합니다",,140000,디지털/가전,서울특별시/관악구,"2020-11-08",46,0,toverstall2w
406,루이비통 가방,"루이비통 정품 가방+더스트백<br>
오래되서 다른 부속품은 없어용<br>
편하게 들고 다니기 좋은 가방입니다<br>
손잡이 태닝도 빈티지하게 잘됐고~<br>
사용한지 오래되서 지퍼가 퍽퍽해진거랑<br>
사진보면 아시겠지만 지퍼부분에 1센치가랑 뜯어짐이 있는데 잘 안보이긴해요",,90000,여성잡화,서울특별시/광진구,"2020-11-08",69,0,meadon2x
407,누페이스,"누페이스 트리니티 입니다<br>
구매한지는 좀 됐는데 게을러서 시용을 안하네요 ㅠ<br>
할 때는 좋은 것 같은데... <br>해야지해야지 하면서 계속 모셔먼 둬서 팔아요<br>
15번 정도 사용했나 싶구요<br>
사진 확대해서 보셔도 기스도 거의 없고 상태 굿입니다<br>
젤프라이머 뜯지도 않은 새상품 같이 드려요",,150000,뷰티/미용,서울특별시/구로구,"2020-11-08",79,0,sburges2y
408,빅토리아시크릿 바디미스트 어반부케,"빅토리아시크릿 바디미스트 250ml<br>
작년 홍콩 빅시 매장에서 직접 구매<br>
몇번 안뿌렸어요 (pink 글자 위 띠선까지만 사용)<br>
네이버 최저가 49000원대<br>
뚜껑과 병 윗부분 약간 찍힘, 앞면부분때문에 싸게 내놔요",,8000,뷰티/미용,서울특별시/금천구,"2020-11-08",56,0,gfominov2z
409,찰스앤키스 동전지갑,사용감있는 제품입니다,,5000,여성잡화,서울특별시/노원구,"2020-11-08",49,0,lgiorgi30
410,어퓨 마데카소사이드 세트,"마데카소사이드 앰플<br>
마데카소사이드 크림 2X<br>
마데카소사이드 플루이드<br>
마데카소사이드 클렌징폼<br>
마데카소사이드 핸드크림<br>
<br>
이렇게 다 합쳐서 2만원에 드립니다!<br>
사진에는 없지만 크림은 조그만한 샘플도 같이 드려요!<br>
<br>
유통기한은 가장 짧은 게 2022년 9월까지입니다!",,20000,뷰티/미용,서울특별시/도봉구,"2020-11-08",22,0,mkipling31
411,퍼팩트스킨 커바팩트 21호,본품1+리필2개,,10000,뷰티/미용,서울특별시/동대문구,"2020-11-08",356,0,daliberti32
412,[자세교정의자] 커블체어 와이더 블랙,"커블체어 와이더 블랙 1개입니다.<br>
어머니 선물로 사드렸는데, 어색하시다고 안쓰시네요.<br>
비닐은 없지만 거의 새거나 다름없습니다.",,20000,가구/인테리어,서울특별시/동작구,"2020-11-08",48,0,fkinnar33
413,"레고,건담,피규어 있어요~!","남편 취미생활로 만들고 모아놓았던 것들이에요.<br>
아이들 키우다보니 그냥 한쪽켠에서 먼지만 쌓여가고 있는것같아<br>
모두 정리할 수 있음 정리해보려구요~<br>
관심 있으시면 연락주세요~~!!<br>
가격 문의하셨으면 생각보다 비싸서 안한다던가<br>
어떤 이유로든지 구입하겠다 안하겠다 답변은 주세요ㅠ<br>
얼마냐고 물어만보시고 이차저차 말도 없으시면<br>
속상합니다ㅠ<br>
6개월 된 애기 육아하면서 그래도 답장 열심히 해드리려고 노력하고있습니다..",,120000,게임/취미,서울특별시/마포구,"2020-11-08",55,0,sclem34
414,또봇R 어드벤처Y,"필요하신 분 연락 주세요.<br>
열쇠는 없구요, 작동하는데 관계없어요.<br>
환불 안되요.",,12000,유아동/유아도서,서울특별시/서대문구,"2020-11-08",52,0,igodbold35
415,고투자충매트 더블,"캠을 8월에 시작해서 3번정도 깨끗이사용했어요<br>
고투 더블사이즈 2개가 있어요<br>
1개당 60000원이구요<br>
파쇄석에서두 자두 이것만있음 편안히 잘수있어욤^^",,60000,스포츠/레저,서울특별시/서초구,"2020-11-08",56,0,hroberson36
416,이케아 선반(이케아 LERBERG 2단 선반),"이케아 LERBERG 2단 선반 판매합니다.<br>
<br>
사이즈는 가로60cm*세로(깊이)35cm*높이70cm 이구요<br>
<br>
전자레인지 등 소형주방가전 보관하시거나 책꽂이로 활용하기에 좋은 사이즈입니다.",,3000,가구/인테리어,서울특별시/성동구,"2020-11-08",56,0,ssprague37
417,벽걸이 인테리어 용품,이뻐요~~ 크기는 손 쫙 펼친 정도<br>,,2000,가구/인테리어,서울특별시/성북구,"2020-11-08",80,0,klambourn38
418,각도 조절 가능한 1인용 소파 팝니다~~,"방석도 따로 맞춰서 샀습니다<br>
살때 10만원 줬습니다 ㅎㅎ<br>
상태 좋습니다 거의 새것입니다<br>
앉았을때 목까지 높이가 와서 편합니다<br>
눕기 앉기 각도 조절 가능합니다",,25000,가구/인테리어,서울특별시/송파구,"2020-11-08",97,0,dalbrook39
419,튤립 디퓨저,"예쁜 튤립 디퓨저 입니다<br>
새상품이에요 ~^^",,9500,가구/인테리어,서울특별시/양천구,"2020-11-08",57,0,mchatterton3a
420,폴스부띠끄 메이지백 가방,"많이 들어가고 단단해요<br>
가볍게 드실 분 추천 드려요",,10000,여성잡화,서울특별시/영등포구,"2020-11-08",42,0,foxley3b
421,마사지 롤러,^^,,5000,뷰티/미용,서울특별시/용산구,"2020-11-08",63,0,mbloodworthe3c
422,다트 게임 인테리어 소품 보드게임,"게임 소품 다트입니다.<br>
<br>
다트핀은 6개 있고, 아래부분이 조금 떨어졌는데 사용하기에는 문제 없습니다 ^^",,5000,게임/취미,서울특별시/은평구,"2020-11-08",51,0,olouisot3d
423,moga. xp5-x+. xbox 게임컨트롤러.?,구입한지 2주됨. 미사용.언박싱만 한생태.,,45000,디지털/가전,서울특별시/종로구,"2020-11-08",42,0,acarillo3e
424,로지텍 레이싱휠 드라이빙포스 GT,"로지텍 드라이빙 포스 GT입니다.<br>
<br>
PC에서는 원활하게 구동되나 제가 맥을 사용하면서 쓰지 않게 되어 판매합니다.<br>
<br>
투페달 모델이며, 휠 회전각은 900도 입니다. PC에 드라이버 하나 깔면 쉽게 쓰실 수 있고,<br>
<br>
현재 이 급과 이 가격에 해당하는 휠은 대부분 단종되어 가볍게 레이싱 게임 즐기고 싶은 분들께 추천드립니다.<br>
<br>
포스 피드백 강력하고 좋습니다. PS2/PS3 까지만 호환됩니다.",,90000,게임/취미,서울특별시/중구,"2020-11-08",18,0,whallgarth3f
425,닌텐도 스위치 라보 VR 슬림 키트,"닌텐도 스위치 라보 VR 슬림 키트 버전입니다.<br>
<br>
VR만 만들고 바주카는 그대로입니다.",,13000,게임/취미,서울특별시/중랑구,"2020-11-08",36,0,aapril3g
426,선물받은 원두커피 팔아요,"안녕하세요.<br>
추석에 선물받은 원두커피인데. 내려 먹을 수가 없어서 다시 팔려고 합니다. <br>인터넷에서는 38,500에 판매하고 있네요.<br>
마곡나루역 신방화역 직거래 희망합니다.",,5000,생활/가공식품,서울특별시/강남구,"2020-11-08",47,0,kedscer3h
427,냉장고,냉장고.50만원 예약중,,700000,디지털/가전,서울특별시/강동구,"2020-11-08",70,0,tgutowska3i
428,돌체구스토 머신,안쓰는 물건 내놓습니다. <br>다른 머신기 사서 이건 안쓰네요,,20000,생활/가공식품 ,서울특별시/강북구,"2020-11-08",79,0,vsercombe3j
429,키보드 판매,"앱코 k640 청축 키보드 입니다.<br>
pc방 사용 제품이고 이번에 키보드 교체하면서 나온겁니다.<br>
축교체 안되는 제품입니다.<br>
오셔서 직접 테스트하시고 가져가시길 바랍니다.<br>
<br>
가격은 5000원입니다<br>
<br>
스카이디지털 NKEY-N5<br>
기계식 청축입니다 축교체 안됩니다<br>
가격 5000원입니다 직접 오셔서 테스트 해보시고 가져가시길 바랍니다.",,5000,디지털/가전,서울특별시/강서구,"2020-11-08",81,0,ktreagust3k
430,화이트앤블랙 가정용 오락기,"블랙 앤 화이트 가정용 레트로 오락기 입니다.<br>
월광보합4이고 비닐도 안 벗기고 몇번 사용 안했습니다.<br>
모니터는 22인치 정도 됩니다.<br>
비닐 벗기고 쓰시면 새거나 다름 없으세요.",,400000,디지털/가전,서울특별시/관악구,"2020-11-08",78,0,hbonney3l
431,삼성 미러리스 카메라 NX10 2세트,"삼성 미러리스 카메라 NX10 2세트입니다.<br>
- 구성품<br>
NX10 본체 2대<br>
30mm 단렌즈 , 18-55mm OIS렌즈<br>
배터리 충전기 2대, 배터리 2개<br>
데이터케이블 1개, 4기가 메모리 1개<br>
카메라가방, 매뉴얼, UV 편광필터 등<br>
<br>
- 렌즈 교체없이 두대 사용하는게 편할듯해서 하나 더 구했는데 잘 사용하지 않아 일괄로 판매합니다.",,300000,디지털/가전,서울특별시/광진구,"2020-11-08",73,0,asaxelby3m
432,차량용 무선충전 거치대 팝니다,"선물 받은거 필요가 없어 판매합니다!<br>
박스 풀셋이에요~",,30000,디지털/가전,서울특별시/구로구,"2020-11-08",14,0,oabrahm3n
433,갤럭시 폴드1 팝니다,"갤럭시 폴드1 팝니다<br>
세컨용으로 가지고 있다가 사용빈도가 적어서 판매합니다<br>
저번달에 서비스센터 가서<br>
온도센서부터해서 메인보드,액정 다 교체했습니다<br>
사진에 나와있는대로 카메라쪽에 까짐 있습니다<br>
구성품은 이어폰 빼고 다 있습니다",,800000,디지털/가전,서울특별시/금천구,"2020-11-08",5,0,kkiddell3o
434,언더아머 야구화255mm 새상품입니다.,"언더아머 일체형 야구화255mm새 상품입니다.<br>
문의주세요<br>
와 진짜 너무 안팔려서 가격 더 낮춥니다...<br>
50000만원에 가져가세요....",,50000,스포츠/레저,서울특별시/노원구,"2020-11-08",46,0,gchinnock3p
435,굳이어 타이어 이글RS-A 235 55R 19 2개팝니다,"미국 5대브랜드<br>
굳이어 타이어 새제품입니다<br>
받은지 일주일되었고요<br>
<br>
사고로 인한 보험 청구로 교체 안받고<br>
물건으로 받은겁니다<br>
보관이 불편하여<br>
팝니다",,200000,스포츠/레저,서울특별시/도봉구,"2020-11-08",18,0,msturch3q
436,MOGA XPS-5 게임컨트롤러 & 엑스박스 3개월 게임패스,"MOGA 게임패드 입니다. 미개봉 새제품입니다.<br>
엑스박스 3개월 게임패스 포함이구요,<br>
대전둔산동 청사인근 직거래 희망합니다.",,60000,디지털/가전,서울특별시/동대문구,"2020-11-08",35,0,dife3r
437,라이언 인형,상태좋아용,,7000,게임/취미,서울특별시/동작구,"2020-11-08",156,0,kblaschek3s
438,벤치의자 자작나무,"직접만든 벤치의자 입니다<br>
<br>
좋은나무사용했어요<br>
<br>
베란다확장으로<br>
<br>
무료드림해요<br>
<br>
자작나무도 이뻐요 조화입니다",,100000,가구/인테리어,서울특별시/마포구,"2020-11-08",13,0,ijeffers3t
439,한샘 수납장판매합니다,생활감있으세요~현재까지 사용하고있어요~<br>리모델링했는데 수납장을 새로구매하여 판매합니다,,40000,가구/인테리어,서울특별시/서대문구,"2020-11-08",84,0,wdanihelka3u
440,버팔로 캠핑테이블 1200mm 테이블 팝니다.,"캠핑테이블 1200mm 팝니다.<br>
사용감 및 1군데 찍힘 있으나 메인테이블용으로 튼튼하고 기능상 이상 없습니다.<br>
상부 코팅이 되어있어 아이들이 그림을 그려도 물티슈고 잘 지워 집니다.<br>
<br>
캠핑용품 업글하면서 저렴하게 넘겨요.<br>
부피가 있어 의왕시 오전동으로 가지러 오셔야 됩니다.",,5000,가구/인테리어,서울특별시/서초구,"2020-11-08",86,0,kmateiko3v
441,"20인치 자전거(알톤 미니벨로)","알톤 미니벨로 자전거 입니다<br>
사진 자세히 찍었습니다<br>
중고거래로 반품 불가하니<br>
신중히 보시고 사실분만 연락주세요",,60000,스포츠/레저,서울특별시/성동구,"2020-11-08",48,0,cyoutead3w
442,lg 노트북 판매합니다,"lg노트북 판매합니다<br>
15ud760-gx50k 모델<br>
256ssd<br>
8g 메모리<br>
i5-5200u 스펙입니다<br>
겉 사용감은 있지만 일반 서핑이나 엑셀작업하는대 문제 없습니다<br>
윈도우10 2004버전 새로 깔아두었습니다",,250000,디지털/가전,서울특별시/성북구,"2020-11-08",18,1,mprowse3x
443,접이식 식탁& 의자 세트 판매합니다,"서랍2<br>
의자보관공간<br>
이동용 바퀴4<br>
테이블 받침(돌려서 높이조절)<br>
<br>
작년 9월에 결혼하고 신혼집에 장만해둔 접이식 식탁세트인데, 둘밖에없어서 거의 안썼습니다.<br>
구매당시 20만원정도 주고 구매했는데 딱 2번 사용했고 사진 보시다시피 사용감 거의 없고 상태 굉장히 좋습니다.<br>
접이식이라 공간을많이 차지하진않고 양쪽다 펼쳤을시 최대 6명까지는 무난하게 앉을수있는 크기입니다.<br>
신혼부부나 가족or손님오셨을때 사용하실용도로 쓰실분께 특히 추천드려요<br>

다만, 식탁이 배송되고나서보니 서랍 한쪽이 여닫을 때 헐거운느낌이 있었으나 <br>맞벌이다보니 가구 배송하는 기사님 시간 맞추기도 번거롭고 배송비도 들기때문에 셀프로<br> 보수해놓은 상태입니다.
그래도 사진으로 보시는 것 처럼 두꺼운 테이프와 본드로 튼튼하게 보수하였습니다<br>이부분 말고는 상태는 굉장히 좋습니다 ~<br>
<br>
의자만 구입하시는건 죄송하게도 불가하고, 세트로 가져가셔야됩니다. 가격은 세트에 5만원입니다.<br>
직접 오셔서 운반하셔야되며, 무게가 상당히 무겁기때문에<br>싣을때는 여자혼자 어렵고, 바퀴가 있기때문에 이동은 크게 지장이 없습니다.<br>
<br>
색감이 예뻐서 인테리어용으로도 괜찮으니 살펴보시고 연락주세요.",,50000,가구/인테리어,서울특별시/송파구,"2020-11-08",40,1,wwarriner3y
444,삼성 공기청정기,"18년도 1월제조 공기청정기입니다.<br>
10평용이에요",,30000,디지털/가전,서울특별시/양천구,"2020-11-08",80,0,sfanning3z
445,롱원피스 14만원짜리 착용x,"77사이즈로 추가금+ 14만에 구매햇어요<br>
실제66~66반~77까지 가능사이즈에요<br>
66이랑66반이신분이 딱맞구요<br>
스판감좋아서 77까지가능요<br>
착용감.원단.진짜비싼값해요<br>
저랑너무 안어울려서 올립니다ㅜㅜ내도오온",,60000,여성의류,서울특별시/영등포구,"2020-11-08",71,0,emccurtain40
446,애플워치 시리즈3 나이키 42mm 판매 합니다.,"애플워치 SE 구매하게 되면서 판매합니다.<br>
1년 반 정도 사용했고 현재도 충전하면 이틀은 가더라구요<br>
생활기스 조금 있는 상태이고<br>
추가 구성품 많이 드려요<br>
아이폰 애플워치 2in1 거치대<br>
스포츠 밴드 포함 5종 밴드 추가로 드려요~",,115000,디지털/가전,서울특별시/용산구,"2020-11-08",103,1,sjessard41
447,디퓨저 팔아요,디퓨저 새상품 2개 입니다.향 너무좋아요<br>,,50000,가구/인테리어,서울특별시/은평구,"2020-11-08",91,0,gdenore42
448,bmw 푸쉬카,"바퀴 보면 아시겠지만<br>
밖에 한번도 끌고 나간적 없는 거의 새상품입니다.",,55000,유아동/유아도서,서울특별시/종로구,"2020-11-08",26,0,kabrahart43
449,미니냉장고,"사용감은 약간있지만<br>
상태깨끗하고 좋습니다<br>
<br>
즙이나 술같은거 넣어놓는 용으로만 사용했구요<br>
집을 비우기위해 내놓습니다<br>",,20000,디지털/가전,서울특별시/중구,"2020-11-08",57,0,cflaunier44
450,삼성 더 프레임 스탠드 / tv거치대,"삼성 더 프레임 tv 스탠드 팝니다<br>
인테리어용으로 좋은데 아이가 태어나서 인테리어는 포기해야 될 것 같아 판매합니다!<br>
저는 65인치 tv에 설치해서 사용했어요<br>
상태는 사진 참고해주세요!<br>",,180000,가구/인테리어,서울특별시/중랑구,"2020-11-08",246,1,mchastenet45
451,급매 판매합니다,ㅁㄴㅇㅁㄴㅇ,,2000,디지털/가전,서울특별시/도봉구,"2020-11-17",3,1,park1234
452,보온병 판매합니다,보온병 판매합니다.~~,,10000,생활/가공식품,서울특별시/강남구,"2020-11-18",2,0,park123
453,자전거 팔아용~~~,"자전거 급매합니다~~~
어서요~!!",,20000,스포츠/레저,서울특별시/도봉구,"2020-11-18",0,1,park123
454,커피 팔아요~,커피욤~!!,,3000,생활/가공식품,서울특별시/강남구,"2020-11-18",3,0,park123
455,조혜정 누나 팔아요~,그냥 공짜로 줍니다~ free,,100,뷰티/미용,서울특별시/광진구,"2020-11-18",4,1,park123
456,정후형 하루 대여해드립니다.,선 제시 받습니다,,9999999,남성패션/잡화,서울특별시/강남구,"2020-11-18",0,1,park123
457,이어폰 판매합니다.,판매합니다,,200,디지털/가전,서울특별시/강남구,"2020-11-18",6,1,park123
